"","guess","expectation","max"
"1","raise",61.0008639308855,168
"2","arise",63.7257019438445,168
"3","irate",63.7792656587473,194
"4","arose",66.0211663066955,183
"5","alter",69.9917926565875,196
"6","saner",70.1257019438445,219
"7","later",70.2233261339093,196
"8","snare",71.0976241900648,219
"9","stare",71.2946004319654,227
"10","slate",71.5727861771058,221
"11","alert",71.5987041036717,196
"12","crate",72.8997840172786,246
"13","trace",74.0203023758099,246
"14","stale",75.6038876889849,221
"15","aisle",76.1887688984881,196
"16","learn",76.6406047516199,212
"17","alone",77.163282937365,182
"18","leant",77.2600431965443,208
"19","least",78.1896328293737,221
"20","crane",78.7416846652268,263
"21","atone",78.9593952483801,191
"22","trail",79.4475161987041,219
"23","react",79.8302375809935,246
"24","scare",80.6803455723542,237
"25","cater",80.8203023758099,246
"26","trade",80.9317494600432,269
"27","renal",81.1580993520518,212
"28","store",81.2194384449244,246
"29","snore",82.6025917926566,237
"30","solar",82.8332613390929,232
"31","trial",82.9421166306695,219
"32","loser",83.1641468682505,215
"33","roast",83.355939524838,266
"34","alien",83.5969762419006,220
"35","teary",83.7654427645788,198
"36","siren",84.2976241900648,244
"37","saute",84.3373650107991,223
"38","stole",84.5317494600432,224
"39","grate",84.5809935205183,276
"40","rinse",85.0112311015119,244
"41","caste",85.4077753779698,248
"42","share",85.4717062634989,238
"43","trice",86.0505399568035,277
"44","tenor",86.7546436285097,261
"45","canoe",86.8323974082073,216
"46","parse",87.0129589632829,270
"47","route",87.1010799136069,255
"48","stair",87.2444924406047,262
"49","scale",87.4285097192225,255
"50","layer",87.8276457883369,215
"51","sonar",87.8630669546436,260
"52","hater",87.9529157667387,261
"53","clear",88.2786177105831,249
"54","glare",88.5490280777538,270
"55","train",88.7693304535637,264
"56","adore",89.0431965442765,242
"57","heart",89.1425485961123,261
"58","plate",89.2911447084233,255
"59","taper",89.4172786177106,268
"60","large",90.1688984881209,270
"61","rouse",90.332181425486,248
"62","paler",90.8168466522678,265
"63","lance",90.9006479481641,273
"64","shale",90.9568034557235,241
"65","pearl",91.1079913606911,265
"66","noise",91.1563714902808,256
"67","dealt",91.3377969762419,257
"68","lathe",91.3965442764579,245
"69","score",91.4777537796976,255
"70","spare",91.5425485961123,270
"71","yearn",91.9961123110151,216
"72","ratio",92.0038876889849,192
"73","liner",92.4764578833693,226
"74","shear",92.7451403887689,238
"75","risen",92.7563714902808,244
"76","steal",92.8600431965443,238
"77","tamer",93.1736501079914,275
"78","aider",93.875161987041,221
"79","snarl",94.0047516198704,240
"80","crone",94.0289416846652,286
"81","stone",94.2431965442765,256
"82","blare",94.3952483801296,291
"83","close",95.0051835853132,247
"84","yeast",95.1036717062635,257
"85","plane",95.2107991360691,286
"86","tread",95.2721382289417,269
"87","sauce",95.3041036717063,247
"88","resin",95.7386609071274,244
"89","urine",95.9848812095032,256
"90","cause",96.1274298056155,247
"91","slice",96.1282937365011,292
"92","shire",96.5058315334773,273
"93","great",96.5723542116631,276
"94","early",96.5879049676026,215
"95","leapt",96.6665226781857,255
"96","cleat",96.7676025917927,264
"97","lager",96.8151187904968,270
"98","islet",96.822030237581,270
"99","arson",96.954211663067,260
"100","relay",97.0051835853132,215
"101","earth",97.2946004319654,261
"102","trope",97.3291576673866,302
"103","realm",97.4838012958963,270
"104","inter",97.6980561555076,270
"105","tripe",97.8362850971922,308
"106","shore",97.9313174946004,279
"107","inert",97.9434125269978,270
"108","stern",98.0237580993521,256
"109","flare",98.1663066954644,292
"110","cadet",98.2699784017279,277
"111","crest",98.5671706263499,277
"112","table",98.6518358531318,278
"113","slant",98.8911447084233,317
"114","carol",98.9127429805616,279
"115","inlet",99.0933045356371,271
"116","safer",99.1105831533477,287
"117","afire",99.2056155507559,238
"118","louse",99.222030237581,256
"119","horse",99.4855291576674,279
"120","lapse",99.4872570194384,285
"121","taker",99.7887688984881,279
"122","utile",99.932181425486,269
"123","range",100.111015118791,296
"124","talon",100.114470842333,278
"125","panel",100.1343412527,286
"126","paste",100.410799136069,288
"127","leash",100.515334773218,248
"128","tonal",100.669978401728,278
"129","grace",100.72181425486,302
"130","haste",100.736501079914,282
"131","aside",100.758963282937,223
"132","clone",100.777969762419,280
"133","nurse",100.808207343413,276
"134","outer",100.915334773218,255
"135","spear",101.026781857451,270
"136","smear",101.135637149028,270
"137","ramen",101.526997840173,276
"138","salon",101.642764578834,299
"139","prone",101.660043196544,303
"140","prose",101.88120950324,295
"141","baler",101.882937365011,291
"142","tried",102.039308855292,314
"143","truce",102.081641468683,308
"144","acute",102.491144708423,231
"145","stage",102.561123110151,278
"146","meant",103.012958963283,273
"147","satyr",103.120086393089,302
"148","cruel",103.641900647948,290
"149","spire",103.740388768898,297
"150","relic",103.826781857451,250
"151","spore",103.8656587473,295
"152","haute",103.890712742981,254
"153","plier",103.94686825054,277
"154","artsy",104.019438444924,302
"155","coral",104.11101511879,279
"156","hotel",104.223326133909,260
"157","saint",104.25788336933,345
"158","onset",104.453995680346,256
"159","slain",104.48596112311,326
"160","water",104.525701943844,297
"161","laden",104.627645788337,300
"162","sedan",104.652699784017,272
"163","baste",104.659611231102,295
"164","drone",104.72181425486,324
"165","suite",104.732181425486,295
"166","anode",104.79524838013,242
"167","peril",105.132181425486,277
"168","slide",105.21252699784,314
"169","delta",105.300647948164,257
"170","tribe",105.528725701944,326
"171","petal",105.877753779698,255
"172","poise",105.882937365011,277
"173","merit",105.910583153348,298
"174","agile",106.073866090713,263
"175","caper",106.135205183585,304
"176","pleat",106.316630669546,263
"177","enact",106.403023758099,287
"178","snail",106.403023758099,326
"179","regal",106.697624190065,270
"180","their",106.817710583153,295
"181","brace",107.117494600432,326
"182","coast",107.129589632829,329
"183","eclat",107.135637149028,285
"184","drape",107.203023758099,327
"185","scone",107.228941684665,268
"186","cairn",107.352483801296,311
"187","beast",107.914902807775,295
"188","tilde",107.935637149028,311
"189","tapir",108.022894168467,310
"190","false",108.358099352052,308
"191","curse",108.365010799136,304
"192","lunar",108.539524838013,258
"193","actor",108.617278617711,294
"194","cedar",108.917926565875,307
"195","clean",108.92656587473,273
"196","triad",109.285097192225,305
"197","since",109.309287257019,314
"198","opera",109.315334773218,224
"199","argue",109.364578833693,250
"200","satin",109.382721382289,345
"201","style",109.492440604752,277
"202","ultra",109.963282937365,255
"203","after",110.007343412527,291
"204","lithe",110.074730021598,295
"205","motel",110.361555075594,271
"206","stead",110.37192224622,263
"207","payer",110.411663066955,274
"208","alike",110.55939524838,271
"209","timer",110.596544276458,298
"210","slope",110.844492440605,294
"211","pause",110.998272138229,273
"212","older",111.031101511879,297
"213","heard",111.05788336933,295
"214","penal",111.076889848812,286
"215","remit",111.087257019438,298
"216","farce",111.104535637149,329
"217","snort",111.157235421166,330
"218","reach",111.289416846652,296
"219","ashen",111.366306695464,257
"220","polar",111.421598272138,293
"221","slime",111.43282937365,316
"222","grail",111.441468682505,294
"223","waste",111.661771058315,306
"224","dance",111.839740820734,329
"225","nicer",111.858747300216,292
"226","sepia",111.869978401728,237
"227","anime",111.882073434125,257
"228","metal",111.886393088553,264
"229","royal",111.891576673866,260
"230","erase",111.950323974082,326
"231","anger",111.984881209503,296
"232","place",112.256155507559,331
"233","write",112.417710583153,339
"234","poser",112.422030237581,295
"235","shade",112.520518358531,286
"236","tiger",112.813390928726,321
"237","forte",112.859179265659,336
"238","miser",113.074298056156,283
"239","skate",113.087257019438,305
"240","grape",113.126997840173,329
"241","trend",113.190064794816,320
"242","heron",113.286825053996,287
"243","gayer",113.296328293737,272
"244","swear",113.605615550756,298
"245","rainy",113.62030237581,276
"246","taken",113.642764578834,290
"247","feral",113.679913606911,292
"248","smile",114.019438444924,316
"249","unite",114.072138228942,303
"250","valet",114.090280777538,308
"251","harem",114.180993520518,304
"252","ready",114.212095032397,281
"253","brine",114.222462203024,338
"254","price",114.269978401728,336
"255","shone",114.425485961123,292
"256","ulcer",114.430669546436,290
"257","stain",114.438444924406,345
"258","grade",114.517062634989,341
"259","borne",114.859179265659,337
"260","stray",114.917926565875,302
"261","sober",114.936933045356,317
"262","other",114.98444924406,301
"263","feast",115.168466522678,304
"264","ovate",115.316198704104,252
"265","grant",115.611663066955,341
"266","those",115.679913606911,308
"267","space",115.785313174946,312
"268","metro",115.790496760259,301
"269","tease",115.996976241901,347
"270","smote",116.034989200864,302
"271","trash",116.0686825054,352
"272","elate",116.123974082073,319
"273","stein",116.17494600432,303
"274","untie",116.176673866091,303
"275","loath",116.187041036717,342
"276","wrote",116.245788336933,352
"277","cutie",116.449676025918,310
"278","ocean",116.472138228942,239
"279","angle",116.502375809935,309
"280","crime",116.682937365011,338
"281","idler",116.84535637149,280
"282","recap",116.914470842333,304
"283","salve",117.315334773218,333
"284","rayon",117.426781857451,286
"285","stake",117.62807775378,305
"286","recut",117.730885529158,308
"287","spiel",117.950323974082,338
"288","chase",118.204319654428,298
"289","bleat",118.338228941685,288
"290","eater",118.384881209503,332
"291","radio",118.432397408207,226
"292","lease",118.506695464363,344
"293","slave",118.517062634989,333
"294","rifle",118.556803455724,310
"295","drain",118.803887688985,322
"296","cameo",118.860043196544,247
"297","smite",118.861771058315,332
"298","cried",118.881641468683,343
"299","molar",118.936069114471,310
"300","avert",119.020734341253,323
"301","acorn",119.256587473002,315
"302","cream",119.256587473002,313
"303","email",119.348164146868,302
"304","serif",119.4,312
"305","skier",119.476889848812,308
"306","angel",119.812095032397,309
"307","camel",119.888120950324,333
"308","shine",120.24060475162,334
"309","chore",120.544708423326,345
"310","prune",120.548164146868,352
"311","ideal",120.568898488121,253
"312","worse",120.689848812095,337
"313","death",120.786609071274,305
"314","swore",121.050107991361,337
"315","moral",121.133909287257,310
"316","spade",121.150323974082,324
"317","alive",121.153779697624,302
"318","plait",121.165010799136,363
"319","plant",121.228941684665,356
"320","repay",121.252267818575,274
"321","trove",121.560691144708,361
"322","cable",121.627213822894,350
"323","facet",121.641036717063,313
"324","ripen",121.66090712743,317
"325","nadir",121.674730021598,322
"326","drake",121.882937365011,349
"327","gruel",121.945140388769,323
"328","snake",122.10151187905,317
"329","teach",122.416846652268,303
"330","agent",122.454859611231,293
"331","manor",122.603455723542,334
"332","smart",122.618142548596,359
"333","spite",122.661339092873,357
"334","matey",122.809071274298,264
"335","flier",123.047516198704,310
"336","unset",123.059611231102,326
"337","leach",123.086393088553,304
"338","trawl",123.108855291577,329
"339","nosey",123.135637149028,303
"340","raven",123.161555075594,333
"341","stave",123.236717062635,334
"342","ankle",123.625485961123,314
"343","oaken",123.717062634989,239
"344","steam",123.720518358531,291
"345","diner",123.748164146868,337
"346","hairy",123.85788336933,291
"347","crave",123.964146868251,367
"348","shoal",124.007343412527,335
"349","rouge",124.038444924406,329
"350","gloat",124.046220302376,346
"351","miner",124.121382289417,314
"352","droit",124.123110151188,382
"353","frail",124.193088552916,317
"354","labor",124.237149028078,330
"355","latte",124.292440604752,319
"356","snide",124.360691144708,349
"357","salty",124.386609071274,369
"358","naive",124.643196544276,314
"359","horde",124.677753779698,365
"360","entry",124.758099352052,257
"361","flair",125.008639308855,317
"362","cider",125.041468682505,343
"363","carve",125.04838012959,367
"364","abort",125.120950323974,335
"365","brain",125.144276457883,331
"366","scant",125.308423326134,387
"367","fetal",125.323974082073,285
"368","heist",125.460475161987,349
"369","amuse",125.737796976242,277
"370","scent",125.838876889849,319
"371","crept",125.876025917927,341
"372","brute",125.889848812095,368
"373","towel",125.990064794816,312
"374","barge",126.230237580994,357
"375","grain",126.459179265659,331
"376","shame",126.763282937365,312
"377","surge",126.802159827214,343
"378","frame",126.858315334773,360
"379","filer",126.90151187905,310
"380","intro",126.907559395248,338
"381","gamer",126.968034557235,338
"382","sower",127.039740820734,337
"383","decal",127.0656587473,325
"384","bathe",127.126997840173,333
"385","rogue",127.22807775378,329
"386","usage",127.457019438445,273
"387","refit",127.492440604752,337
"388","treat",127.524406047516,332
"389","weary",127.566738660907,300
"390","purse",127.575377969762,356
"391","olden",127.602159827214,321
"392","smelt",127.683369330454,320
"393","shape",127.782721382289,317
"394","wiser",128.017710583153,322
"395","comet",128.211231101512,331
"396","boast",128.228509719222,379
"397","abuse",128.250107991361,275
"398","noble",128.277753779698,342
"399","glade",128.356371490281,366
"400","ascot",128.358963282937,329
"401","easel",128.504103671706,344
"402","phase",128.583585313175,317
"403","slept",128.587041036717,341
"404","goner",128.638876889849,345
"405","staid",128.716630669546,356
"406","spine",128.788336933045,355
"407","house",128.79524838013,324
"408","tower",128.811663066955,352
"409","meaty",128.873866090713,328
"410","octal",128.89373650108,319
"411","glean",129.064794816415,309
"412","tidal",129.223758099352,351
"413","lower",129.224622030238,311
"414","decor",129.306695464363,356
"415","chair",129.376673866091,345
"416","pride",129.437149028078,380
"417","beard",129.71101511879,360
"418","spelt",129.742980561555,341
"419","hoard",129.75939524838,341
"420","strap",129.822462203024,365
"421","opine",129.854427645788,281
"422","copse",129.862203023758,323
"423","adorn",129.998704103672,316
"424","trite",130.015118790497,376
"425","terse",130.070410367171,391
"426","maple",130.263066954644,363
"427","scary",130.391792656587,321
"428","pesto",130.417710583153,306
"429","paint",130.48596112311,390
"430","terra",130.649244060475,332
"431","shalt",130.752051835853,412
"432","dream",130.78747300216,344
"433","sweat",130.797840172786,306
"434","apron",130.846220302376,313
"435","snipe",130.96717062635,355
"436","patio",131.289416846652,261
"437","taste",131.396544276458,347
"438","wrest",131.461339092873,357
"439","pecan",131.607343412527,325
"440","baron",131.615982721382,345
"441","stand",131.713606911447,377
"442","savor",131.844060475162,365
"443","suave",131.90626349892,305
"444","super",131.91403887689,356
"445","dairy",132.034989200864,329
"446","groan",132.287257019438,344
"447","uncle",132.388336933045,349
"448","stoke",132.413390928726,313
"449","filet",132.50151187905,354
"450","roach",132.525701943844,366
"451","force",132.54211663067,368
"452","arena",132.643196544276,343
"453","diary",132.663066954644,329
"454","eaten",132.713174946004,342
"455","cease",132.806479481641,370
"456","rivet",132.898056155508,367
"457","navel",133.266954643629,345
"458","prime",133.455291576674,382
"459","solve",133.457019438445,342
"460","tardy",133.476889848812,356
"461","value",133.487257019438,313
"462","story",133.488120950324,364
"463","craze",133.626349892009,369
"464","torus",133.67818574514,379
"465","scorn",133.899352051836,370
"466","state",133.953779697624,347
"467","voter",134.194816414687,361
"468","cheat",134.197408207343,328
"469","melon",134.254427645788,310
"470","credo",134.260475161987,356
"471","blade",134.280345572354,380
"472","adept",134.374514038877,309
"473","reign",134.383153347732,348
"474","broil",134.50151187905,360
"475","lemur",134.64060475162,318
"476","irony",134.649244060475,376
"477","bloat",134.676025917927,372
"478","sugar",134.729589632829,353
"479","whale",134.841900647948,340
"480","pried",134.86090712743,380
"481","truly",135.10626349892,322
"482","piano",135.304103671706,287
"483","brake",135.411231101512,373
"484","rehab",135.421598272138,317
"485","scope",135.728293736501,323
"486","grope",135.76717062635,388
"487","cagey",135.803455723542,297
"488","reset",135.84060475162,391
"489","serum",135.857019438445,350
"490","erupt",135.937365010799,346
"491","mealy",135.986609071274,338
"492","cigar",136.000431965443,360
"493","abode",136.032397408207,293
"494","relax",136.034989200864,318
"495","crude",136.065226781857,394
"496","shard",136.155075593952,345
"497","bluer",136.231101511879,347
"498","usher",136.295896328294,333
"499","azure",136.434125269978,297
"500","spice",136.454859611231,370
"501","debar",136.578401727862,360
"502","singe",136.670842332613,372
"503","token",136.682937365011,334
"504","adobe",136.693304535637,293
"505","guile",136.781425485961,347
"506","shied",136.784017278618,370
"507","creak",136.853995680346,341
"508","crash",136.879913606911,386
"509","ounce",136.980993520518,313
"510","lover",137.252267818575,335
"511","chose",137.333477321814,335
"512","valor",137.470842332613,349
"513","lemon",137.471706263499,310
"514","gripe",137.489848812095,386
"515","solid",137.670410367171,394
"516","abide",137.688552915767,299
"517","tuber",137.774082073434,368
"518","plain",137.802591792657,402
"519","retch",138.032397408207,361
"520","boule",138.173218142549,351
"521","verso",138.250971922246,342
"522","court",138.396112311015,419
"523","image",138.509287257019,302
"524","liver",138.599136069114,327
"525","pedal",138.612958963283,350
"526","cargo",138.708855291577,363
"527","bread",138.712311015119,360
"528","finer",138.758099352052,352
"529","flora",138.799568034557,319
"530","elite",139.051835853132,389
"531","party",139.076889848812,372
"532","print",139.339524838013,410
"533","sleet",139.449244060475,405
"534","maker",139.503671706264,357
"535","delay",139.646220302376,322
"536","sport",139.722246220302,412
"537","probe",139.870842332613,402
"538","ample",139.882073434125,363
"539","mouse",140.253563714903,341
"540","splat",140.277753779698,406
"541","steak",140.344276457883,320
"542","depot",140.429805615551,363
"543","chart",140.502375809935,404
"544","blast",140.656155507559,429
"545","float",140.730453563715,369
"546","nasty",140.855723542117,376
"547","organ",140.898056155508,344
"548","homer",141.124406047516,354
"549","grime",141.264362850972,390
"550","phone",141.280777537797,355
"551","spent",141.292872570194,364
"552","acrid",141.311879049676,343
"553","waist",141.341252699784,408
"554","overt",141.406911447084,361
"555","giant",141.420734341253,413
"556","wager",141.469978401728,370
"557","bride",141.589200863931,402
"558","short",141.590064794816,415
"559","trait",141.75161987041,380
"560","olive",141.813822894168,309
"561","rebut",142.01252699784,368
"562","pilot",142.054859611231,402
"563","reply",142.092872570194,316
"564","stove",142.251835853132,349
"565","grave",142.410799136069,398
"566","crust",142.568898488121,429
"567","inane",142.587041036717,316
"568","guise",142.638012958963,343
"569","blame",142.757235421166,382
"570","ralph",142.774514038877,350
"571","dirge",142.793520518359,401
"572","daisy",142.823758099352,380
"573","viral",142.838444924406,327
"574","daunt",142.879049676026,402
"575","basil",142.89373650108,389
"576","slang",143.202159827214,424
"577","shirt",143.209071274298,411
"578","pulse",143.261771058315,391
"579","aloft",143.309287257019,369
"580","loose",143.478617710583,353
"581","shake",143.838012958963,333
"582","twine",143.852699784017,398
"583","stoic",143.91403887689,413
"584","shorn",143.949460043197,388
"585","plead",144.015118790497,350
"586","halve",144.086825053996,364
"587","orbit",144.120518358531,397
"588","scald",144.154211663067,415
"589","riser",144.206911447084,351
"590","under",144.268250539957,366
"591","asset",144.28898488121,347
"592","north",144.374514038877,401
"593","thorn",144.6,401
"594","craft",144.623326133909,424
"595","curio",144.628509719222,375
"596","mayor",144.674298056156,372
"597","racer",144.683801295896,376
"598","tarot",144.692440604752,384
"599","scour",144.75464362851,411
"600","tiara",144.799568034557,380
"601","straw",144.837580993521,381
"602","sneak",145.085529157667,322
"603","swine",145.115766738661,384
"604","title",145.18747300216,389
"605","twice",145.197840172786,387
"606","amber",145.205615550756,365
"607","baker",145.545140388769,373
"608","antic",145.578833693305,378
"609","mural",145.749892008639,354
"610","ranch",145.95464362851,390
"611","steer",146.007343412527,391
"612","altar",146.077321814255,371
"613","rapid",146.139524838013,357
"614","hyena",146.269114470842,339
"615","stark",146.269114470842,387
"616","honey",146.383153347732,353
"617","scree",146.433261339093,423
"618","inept",146.577537796976,359
"619","knelt",146.6,323
"620","deity",146.676889848812,339
"621","sneer",146.720086393089,384
"622","tense",146.746004319654,439
"623","mange",146.808207343413,371
"624","bagel",146.816846652268,384
"625","scaly",147.060475161987,427
"626","moist",147.128725701944,448
"627","flame",147.307559395248,384
"628","medal",147.311879049676,361
"629","scrap",147.518358531317,390
"630","rhino",147.57969762419,393
"631","begat",147.633261339093,344
"632","shave",147.851835853132,360
"633","sloth",147.859611231102,445
"634","brave",148.102375809935,419
"635","plied",148.142980561555,413
"636","exalt",148.148164146868,351
"637","tango",148.312311015119,394
"638","screw",148.382289416847,387
"639","brash",148.508423326134,391
"640","spied",148.522246220302,402
"641","baton",148.529157667387,390
"642","macro",148.533477321814,387
"643","coupe",148.643196544276,349
"644","infer",148.726133909287,352
"645","agree",148.931749460043,408
"646","scram",148.999136069114,384
"647","mason",149.079481641469,393
"648","adult",149.105399568035,398
"649","clout",149.147732181425,444
"650","spoil",149.305831533477,422
"651","sinew",149.368034557235,384
"652","ridge",149.389632829374,401
"653","model",149.393952483801,380
"654","voice",149.479481641469,340
"655","flirt",149.492440604752,371
"656","felon",149.608207343413,343
"657","reuse",149.837149028078,416
"658","flute",149.938228941685,391
"659","soapy",149.970194384449,409
"660","sonic",150.209503239741,444
"661","owner",150.233693304536,351
"662","hoist",150.246652267819,464
"663","frost",150.288120950324,440
"664","clued",150.361555075594,409
"665","abled",150.511015118791,380
"666","storm",150.532613390929,406
"667","today",150.631965442765,376
"668","retro",150.684665226782,378
"669","foyer",150.765874730022,330
"670","noisy",150.909287257019,438
"671","fairy",150.947300215983,359
"672","board",150.968034557235,412
"673","covet",151.014686825054,382
"674","tramp",151.03282937365,431
"675","leafy",151.042332613391,346
"676","lodge",151.052699784017,392
"677","fecal",151.092440604752,353
"678","leaky",151.099352051836,350
"679","berth",151.122678185745,400
"680","crawl",151.22807775378,409
"681","rival",151.261771058315,327
"682","aloud",151.414686825054,346
"683","mince",151.671274298056,394
"684","cower",151.775809935205,388
"685","steel",151.830237580994,405
"686","haunt",151.89848812095,437
"687","marsh",151.937365010799,396
"688","crony",152.047948164147,440
"689","biome",152.067818574514,333
"690","often",152.072138228942,358
"691","braid",152.076457883369,380
"692","spray",152.125701943844,395
"693","grasp",152.135205183585,413
"694","aorta",152.221598272138,384
"695","strip",152.263930885529,420
"696","parer",152.277753779698,402
"697","extra",152.309719222462,330
"698","nerdy",152.317494600432,347
"699","liken",152.351187904968,385
"700","draft",152.42030237581,434
"701","decay",152.556803455724,327
"702","flyer",152.561123110151,344
"703","basin",152.705399568035,400
"704","prude",152.707991360691,437
"705","media",152.78747300216,290
"706","unmet",152.811663066955,371
"707","minor",152.862634989201,426
"708","amble",152.898920086393,382
"709","choir",153.091576673866,445
"710","inlay",153.164146868251,382
"711","twirl",153.26090712743,357
"712","heady",153.263498920086,343
"713","edict",153.321382289417,372
"714","peach",153.342980561555,363
"715","wrist",153.416414686825,442
"716","rebus",153.482073434125,363
"717","scion",153.491576673866,444
"718","niche",153.606479481641,388
"719","randy",153.820734341253,382
"720","graze",153.831101511879,401
"721","faint",154.200863930886,436
"722","tepid",154.238876889849,396
"723","fable",154.255291576674,404
"724","swirl",154.263930885529,358
"725","track",154.266522678186,426
"726","posit",154.486825053996,450
"727","lumen",154.64060475162,381
"728","whole",154.726133909287,374
"729","clerk",154.862634989201,376
"730","fiery",154.942980561555,324
"731","sadly",154.944708423326,448
"732","along",154.994816414687,395
"733","point",155.063930885529,479
"734","angst",155.288552915767,427
"735","amend",155.299784017279,355
"736","audit",155.431965442765,363
"737","tonic",155.47343412527,462
"738","surly",155.584017278618,348
"739","novel",155.671274298056,371
"740","raspy",155.730021598272,395
"741","wafer",155.837149028078,394
"742","upset",155.842332613391,416
"743","unlit",156.027213822894,441
"744","glide",156.102375809935,429
"745","while",156.166306695464,401
"746","haven",156.178401727862,377
"747","ester",156.261339092873,391
"748","fried",156.282073434125,414
"749","troll",156.301079913607,403
"750","break",156.353779697624,373
"751","sharp",156.363282937365,405
"752","forge",156.40475161987,422
"753","piety",156.44535637149,370
"754","skirt",156.467818574514,428
"755","clove",156.658747300216,396
"756","otter",156.686393088553,378
"757","enter",156.965442764579,391
"758","front",157.099352051836,454
"759","lurid",157.193520518359,375
"760","daily",157.4,442
"761","adopt",157.518358531318,386
"762","lyric",157.559827213823,335
"763","salvo",157.572786177106,408
"764","aunty",157.711879049676,390
"765","eager",157.862203023758,408
"766","grout",157.947732181425,460
"767","snout",158.022894168467,479
"768","maize",158.121382289417,348
"769","crier",158.356371490281,411
"770","urban",158.419438444924,390
"771","poesy",158.695896328294,407
"772","setup",158.69848812095,416
"773","groin",158.725269978402,451
"774","warty",158.82807775378,395
"775","broke",158.91879049676,422
"776","brand",158.948164146868,434
"777","poker",158.994816414687,384
"778","corny",158.998272138229,440
"779","tonga",159.005183585313,394
"780","golem",159.063930885529,384
"781","foray",159.166738660907,370
"782","until",159.355075593952,441
"783","truer",159.371490280778,416
"784","scarf",159.371490280778,403
"785","ethos",159.418142548596,396
"786","cover",159.430237580994,402
"787","three",159.500215982721,466
"788","piney",159.569330453564,363
"789","crisp",159.575377969762,448
"790","clash",159.76717062635,465
"791","waive",159.852699784017,373
"792","prove",159.95464362851,434
"793","decry",160.077321814255,363
"794","hazel",160.096328293736,370
"795","first",160.113606911447,444
"796","cobra",160.119654427646,395
"797","croak",160.122246220302,407
"798","stony",160.312311015119,459
"799","yield",160.389200863931,360
"800","money",160.680345572354,379
"801","spilt",160.701943844492,487
"802","saucy",160.725269978402,440
"803","fresh",160.735637149028,398
"804","sandy",160.881641468682,444
"805","grand",161.019006479482,438
"806","rabid",161.140820734341,380
"807","gleam",161.331749460043,359
"808","noose",161.3343412527,376
"809","rhyme",161.376673866091,378
"810","loamy",161.430237580994,441
"811","clasp",161.443196544276,472
"812","awoke",161.488120950324,294
"813","latch",161.501943844492,462
"814","chaos",161.634125269978,413
"815","fibre",161.822462203024,421
"816","lunge",161.890712742981,419
"817","surer",161.893304535637,416
"818","worst",162.227645788337,462
"819","chafe",162.290712742981,383
"820","wheat",162.317494600432,350
"821","chant",162.492872570194,479
"822","ombre",162.536069114471,411
"823","cleft",162.676025917927,377
"824","stalk",162.676889848812,450
"825","paper",162.733909287257,402
"826","shrew",162.809071274298,423
"827","scold",162.898056155508,441
"828","dunce",162.903239740821,432
"829","visor",163.108855291577,410
"830","plaid",163.370626349892,450
"831","guest",163.402591792657,401
"832","agate",163.530453563715,401
"833","broad",163.533909287257,412
"834","graft",163.553779697624,454
"835","scalp",163.632397408207,472
"836","align",163.799136069114,433
"837","grief",163.976241900648,421
"838","start",163.978833693305,430
"839","drive",164.003887688985,453
"840","toast",164.02807775378,445
"841","cyber",164.067818574514,374
"842","claim",164.104103671706,455
"843","voila",164.131749460043,376
"844","gazer",164.303671706263,401
"845","ovine",164.357235421166,341
"846","fault",164.383153347732,456
"847","abhor",164.531749460043,378
"848","boney",164.580993520518,373
"849","chute",164.602591792657,428
"850","globe",164.668250539957,415
"851","threw",164.692440604752,428
"852","white",164.715766738661,418
"853","drawl",164.756371490281,433
"854","blurt",164.852267818575,402
"855","vital",164.857451403888,417
"856","split",164.92656587473,487
"857","ladle",164.928293736501,434
"858","dicey",164.941252699784,371
"859","basic",165.102807775378,406
"860","wrath",165.117494600432,450
"861","ruler",165.119222462203,385
"862","freak",165.128725701944,377
"863","tempo",165.145140388769,371
"864","purge",165.17192224622,435
"865","sperm",165.209071274298,406
"866","brief",165.209935205184,421
"867","drove",165.380993520518,463
"868","stork",165.52181425486,436
"869","tumor",165.557235421166,456
"870","robin",165.565010799136,436
"871","mercy",165.589200863931,355
"872","flake",165.603023758099,406
"873","dirty",165.735205183585,436
"874","weird",166.002159827214,428
"875","gaunt",166.113606911447,453
"876","slurp",166.124838012959,400
"877","foist",166.303671706263,487
"878","erect",166.355507559395,422
"879","vicar",166.549892008639,407
"880","debit",166.647516198704,423
"881","leery",166.663930885529,373
"882","gaily",166.688120950324,460
"883","beach",166.707127429806,380
"884","there",166.7313174946,466
"885","viola",166.829805615551,376
"886","about",167.022462203024,369
"887","chide",167.033693304536,436
"888","rearm",167.133045356371,412
"889","gavel",167.150323974082,423
"890","eagle",167.254859611231,435
"891","corer",167.29373650108,421
"892","glory",167.313606911447,410
"893","hover",167.656587473002,407
"894","total",167.776673866091,418
"895","wreak",167.812958963283,387
"896","patsy",168.00475161987,465
"897","hyper",168.158531317495,382
"898","power",168.239740820734,419
"899","thief",168.415118790497,421
"900","rusty",168.574082073434,417
"901","third",168.63282937365,454
"902","carat",168.65788336933,473
"903","incur",168.701943844492,442
"904","buyer",168.786609071274,381
"905","torch",168.826349892009,473
"906","payee",168.835853131749,428
"907","above",169.045788336933,327
"908","vault",169.05788336933,461
"909","alley",169.15464362851,373
"910","hovel",169.360259179266,391
"911","abate",169.491576673866,419
"912","chain",169.542548596112,457
"913","amity",169.600431965443,419
"914","aptly",169.614254859611,438
"915","crank",169.714470842333,462
"916","chard",169.776673866091,447
"917","drank",169.859611231101,446
"918","wince",169.909719222462,440
"919","aware",169.981425485961,446
"920","tulle",170.152483801296,424
"921","tract",170.163714902808,473
"922","spree",170.266522678186,486
"923","horny",170.519654427646,436
"924","lousy",170.612958963283,481
"925","caput",170.647516198704,473
"926","habit",170.775377969762,455
"927","clang",171.171058315335,491
"928","erode",171.205615550756,481
"929","peace",171.251403887689,461
"930","count",171.276457883369,515
"931","omega",171.34211663067,296
"932","dowel",171.366306695464,419
"933","maybe",171.40777537797,382
"934","hardy",171.667818574514,416
"935","wider",171.75161987041,428
"936","ovary",171.884665226782,403
"937","quote",171.892440604752,379
"938","panic",171.945140388769,453
"939","curve",172.133477321814,447
"940","scout",172.210367170626,506
"941","perch",172.233693304536,442
"942","impel",172.269978401728,412
"943","spend",172.285529157667,418
"944","grove",172.492872570194,459
"945","glint",172.557667386609,492
"946","guard",172.61555075594,448
"947","waver",172.720086393089,434
"948","greet",172.758099352052,483
"949","spoke",172.768466522678,391
"950","whose",172.815982721382,396
"951","tubal",172.844492440605,454
"952","hinge",172.869546436285,439
"953","shove",172.888552915767,400
"954","brunt",172.938660907127,462
"955","allot",173.023326133909,418
"956","cheap",173.242764578834,363
"957","angry",173.271274298056,403
"958","prize",173.42505399568,445
"959","palsy",173.453563714903,488
"960","sheer",173.58747300216,456
"961","stank",173.590928725702,472
"962","inner",173.591792656587,392
"963","smoke",173.644492440605,388
"964","chest",173.819006479482,416
"965","exact",173.852699784017,386
"966","prank",173.869114470842,451
"967","began",173.932181425486,394
"968","pinto",173.950323974082,479
"969","pasty",173.98747300216,465
"970","quart",174.122246220302,435
"971","atoll",174.202591792657,418
"972","bilge",174.276025917927,444
"973","mauve",174.296760259179,383
"974","masse",174.411663066955,416
"975","prawn",174.516198704104,452
"976","moult",174.539524838013,492
"977","cloth",174.543844492441,495
"978","dread",174.718358531318,409
"979","micro",174.776241900648,452
"980","lapel",174.842764578834,427
"981","flour",174.86090712743,444
"982","hasty",175.025917926566,466
"983","bloke",175.151187904968,416
"984","topic",175.191792656587,477
"985","fiber",175.20475161987,421
"986","abase",175.28596112311,423
"987","deter",175.323974082073,473
"988","grunt",175.543412526998,472
"989","thyme",175.586609071274,400
"990","beady",175.592656587473,377
"991","locus",175.670410367171,463
"992","pansy",175.732613390929,481
"993","decoy",175.741252699784,400
"994","quiet",175.780993520518,414
"995","quite",176.057451403888,414
"996","mower",176.187041036717,425
"997","glaze",176.200863930886,428
"998","dwelt",176.203455723542,412
"999","final",176.250971922246,452
"1000","round",176.398704103672,485
"1001","vapor",176.482505399568,442
"1002","girly",176.560259179266,397
"1003","demur",176.755507559395,452
"1004","knead",176.972354211663,376
"1005","badge",177.205615550756,436
"1006","crypt",177.266090712743,472
"1007","sling",177.323974082073,510
"1008","tangy",177.385313174946,466
"1009","utter",177.464794816415,416
"1010","modal",177.600431965443,448
"1011","drawn",177.74211663067,461
"1012","repel",177.749028077754,451
"1013","scene",177.761123110151,471
"1014","fruit",178.069546436285,491
"1015","harpy",178.073866090713,431
"1016","meter",178.110151187905,462
"1017","sworn",178.146436285097,456
"1018","mirth",178.160259179266,464
"1019","chime",178.263066954644,446
"1020","lasso",178.336501079914,433
"1021","curly",178.337365010799,399
"1022","demon",178.454859611231,402
"1023","movie",178.574082073434,371
"1024","girth",178.587041036717,471
"1025","shark",178.587041036717,434
"1026","rural",178.842764578834,409
"1027","ethic",178.8686825054,403
"1028","burnt",178.869546436285,462
"1029","heath",178.902375809935,389
"1030","vaunt",179.029373650108,467
"1031","retry",179.123542116631,375
"1032","spike",179.241900647948,443
"1033","afoul",179.312742980562,381
"1034","cabin",179.327429805616,475
"1035","niece",179.450107991361,485
"1036","broth",179.637580993521,501
"1037","linen",179.647948164147,430
"1038","disco",179.69373650108,461
"1039","lefty",179.704967602592,373
"1040","viper",179.75939524838,440
"1041","spurt",179.780129589633,493
"1042","speak",179.853563714903,375
"1043","bacon",179.895896328294,459
"1044","cress",179.918358531317,423
"1045","hotly",180.04535637149,478
"1046","gnome",180.252699784017,429
"1047","focal",180.324406047516,439
"1048","whine",180.327861771058,452
"1049","beret",180.419438444924,500
"1050","burst",180.523974082073,481
"1051","vague",180.573218142549,367
"1052","faith",180.628509719222,472
"1053","elope",180.773650107991,448
"1054","taint",180.920518358531,487
"1055","elfin",181.014686825054,411
"1056","algae",181.178833693305,435
"1057","coven",181.185745140389,423
"1058","leper",181.213390928726,451
"1059","graph",181.430237580994,468
"1060","drier",181.450971922246,463
"1061","admit",181.564146868251,442
"1062","plume",181.798272138229,468
"1063","trick",181.846652267819,482
"1064","spurn",181.860475161987,463
"1065","fetus",182.122246220302,433
"1066","tulip",182.204319654428,505
"1067","eight",182.219870410367,404
"1068","crass",182.270842332613,461
"1069","neigh",182.295032397408,439
"1070","diver",182.359827213823,453
"1071","guide",182.47818574514,433
"1072","dopey",182.517926565875,408
"1073","welsh",182.631965442765,426
"1074","savoy",183.31101511879,448
"1075","rerun",183.330021598272,432
"1076","apple",183.410367170626,427
"1077","manic",183.425917926566,476
"1078","birth",183.549460043197,478
"1079","brawl",183.650539956803,475
"1080","audio",183.712742980562,435
"1081","primo",183.749892008639,482
"1082","rebar",183.75161987041,431
"1083","stall",183.806911447084,493
"1084","fraud",183.851835853132,465
"1085","blend",183.854427645788,449
"1086","vista",183.866522678186,434
"1087","fetid",183.914902807775,437
"1088","shelf",183.990928725702,418
"1089","extol",184.07818574514,397
"1090","turbo",184.079049676026,476
"1091","cramp",184.117926565875,498
"1092","right",184.147300215983,471
"1093","elder",184.435853131749,456
"1094","guilt",184.549892008639,530
"1095","cloak",184.637149028078,464
"1096","mourn",184.765010799136,499
"1097","flesh",184.789200863931,418
"1098","elect",184.952483801296,418
"1099","briny",184.955075593952,487
"1100","roost",185.008639308855,497
"1101","donut",185.043196544276,534
"1102","prism",185.087257019438,497
"1103","mover",185.090712742981,439
"1104","natal",185.184881209503,464
"1105","preen",185.250539956803,482
"1106","dense",185.287688984881,508
"1107","swarm",185.287688984881,455
"1108","puree",185.322246220302,516
"1109","china",185.374082073434,457
"1110","manly",185.583153347732,506
"1111","egret",185.920950323974,483
"1112","octet",185.97969762419,402
"1113","blaze",186.131749460043,451
"1114","tweak",186.272570194384,368
"1115","bicep",186.446220302376,452
"1116","login",186.479913606911,510
"1117","glove",186.801295896328,453
"1118","bison",186.829805615551,489
"1119","apnea",187.133909287257,423
"1120","logic",187.249676025918,486
"1121","elide",187.991792656587,499
"1122","march",188.097192224622,491
"1123","sound",188.136933045356,551
"1124","trunk",188.204319654428,471
"1125","croup",188.301943844492,525
"1126","dried",188.414254859611,463
"1127","askew",188.480777537797,399
"1128","heavy",188.506695464363,389
"1129","knave",188.690712742981,445
"1130","built",188.728725701944,538
"1131","bowel",188.827213822894,444
"1132","spark",188.89373650108,474
"1133","diode",189.09848812095,404
"1134","zonal",189.31879049676,446
"1135","gland",189.417278617711,531
"1136","flash",189.419870410367,505
"1137","slimy",189.682505399568,531
"1138","denim",189.831965442765,444
"1139","ether",189.834557235421,466
"1140","giver",189.926997840173,459
"1141","gnash",189.998704103672,507
"1142","sprig",190.02030237581,490
"1143","shady",190.211231101512,485
"1144","forty",190.505831533477,490
"1145","cello",190.57494600432,408
"1146","bleak",190.647516198704,400
"1147","apart",190.64838012959,504
"1148","torso",190.839308855292,497
"1149","lusty",190.865226781857,504
"1150","evict",190.930021598272,431
"1151","riper",191.067386609071,451
"1152","rupee",191.236717062635,516
"1153","ratty",191.259179265659,446
"1154","siege",191.309287257019,497
"1155","bland",191.364578833693,535
"1156","bribe",191.368898488121,471
"1157","tawny",191.505399568035,489
"1158","tunic",191.875161987041,534
"1159","depth",191.953779697624,472
"1160","yacht",192.197408207343,511
"1161","froth",192.466090712743,526
"1162","steed",192.477321814255,492
"1163","throb",192.492008639309,501
"1164","slack",192.583585313175,535
"1165","brawn",192.711447084233,490
"1166","label",192.713174946004,457
"1167","gorge",192.809935205184,478
"1168","befit",192.833261339093,459
"1169","covey",192.853995680346,388
"1170","cavil",192.906695464363,504
"1171","sheik",192.97494600432,430
"1172","whirl",193.188336933045,433
"1173","rider",193.256587473002,463
"1174","wield",193.316198704104,456
"1175","gauze",193.390496760259,373
"1176","field",193.527861771058,456
"1177","genre",193.695464362851,528
"1178","nasal",193.772354211663,501
"1179","flint",193.817278617711,535
"1180","charm",193.821598272138,491
"1181","ingot",193.860475161987,514
"1182","anvil",193.870842332613,468
"1183","unity",193.927861771058,529
"1184","nomad",194.016846652268,462
"1185","video",194.319222462203,396
"1186","bused",194.510151187905,473
"1187","agony",194.556803455724,453
"1188","leave",194.635421166307,502
"1189","exist",194.7313174946,427
"1190","drift",194.862634989201,526
"1191","debut",194.985313174946,469
"1192","prowl",195.221166306695,491
"1193","crush",195.26090712743,529
"1194","spout",195.354211663067,557
"1195","liege",195.383585313175,513
"1196","dress",195.483801295896,469
"1197","bravo",195.494168466523,482
"1198","zebra",195.804319654428,426
"1199","rebel",195.805183585313,484
"1200","shawl",195.863930885529,519
"1201","equal",195.980561555076,400
"1202","shout",196.027213822894,571
"1203","binge",196.073866090713,494
"1204","flout",196.28898488121,530
"1205","sleep",196.312311015119,522
"1206","quail",196.341684665227,424
"1207","vocal",196.357235421166,475
"1208","south",196.375377969762,571
"1209","sheen",196.446220302376,504
"1210","rodeo",196.524838012959,481
"1211","tithe",196.568898488121,476
"1212","titan",196.605183585313,487
"1213","optic",196.64060475162,477
"1214","laugh",196.788336933045,514
"1215","sting",196.871274298056,540
"1216","belie",196.903239740821,518
"1217","crepe",197.119222462203,536
"1218","world",197.126997840173,488
"1219","joist",197.377537796976,535
"1220","slink",197.458747300216,549
"1221","piper",197.471706263499,451
"1222","vegan",197.490712742981,440
"1223","mount",197.583153347732,560
"1224","newly",197.627213822894,409
"1225","semen",197.779265658747,518
"1226","psalm",197.811231101512,521
"1227","betel",197.83282937365,495
"1228","candy",198.121382289417,528
"1229","briar",198.291576673866,461
"1230","lingo",198.418574514039,510
"1231","cache",198.44535637149,444
"1232","datum",198.466090712743,505
"1233","goose",198.473866090713,455
"1234","gauge",198.512742980562,379
"1235","could",198.527429805616,557
"1236","hymen",198.536069114471,405
"1237","lurch",198.84535637149,444
"1238","stamp",198.865226781857,532
"1239","gonad",198.874730021598,485
"1240","forth",199.019006479482,526
"1241","froze",199.067386609071,487
"1242","sheet",199.168466522678,535
"1243","order",199.19524838013,481
"1244","moose",199.279049676026,452
"1245","deign",199.291144708423,493
"1246","totem",199.357667386609,447
"1247","roger",199.371490280778,478
"1248","medic",199.430237580994,449
"1249","prong",199.479481641469,542
"1250","these",199.608207343413,535
"1251","circa",199.634125269978,426
"1252","posse",199.744708423326,450
"1253","midst",199.843196544276,562
"1254","choke",199.863930885529,446
"1255","sigma",199.935637149028,458
"1256","creme",199.953779697624,543
"1257","clank",200.043628509719,548
"1258","cloud",200.168898488121,557
"1259","stack",200.470410367171,525
"1260","synod",200.47818574514,547
"1261","women",200.782289416847,434
"1262","derby",200.806479481641,464
"1263","rally",200.817710583153,443
"1264","juice",200.980129589633,435
"1265","ardor",201.051835853132,462
"1266","ebony",201.132181425486,488
"1267","creed",201.183153347732,538
"1268","shirk",201.192656587473,497
"1269","duvet",201.224622030238,502
"1270","harsh",201.452699784017,472
"1271","femur",201.679049676026,470
"1272","hello",201.690280777538,406
"1273","frank",201.714470842333,505
"1274","proud",201.749892008639,556
"1275","chief",201.763714902808,475
"1276","blunt",201.888120950324,531
"1277","virus",201.970194384449,476
"1278","beset",201.996112311015,542
"1279","devil",202.015982721382,486
"1280","tacit",202.031533477322,506
"1281","favor",202.123974082073,475
"1282","shaft",202.137796976242,544
"1283","theta",202.152483801296,389
"1284","shiny",202.157667386609,569
"1285","sumac",202.237149028078,512
"1286","green",202.327861771058,528
"1287","perky",202.548164146868,445
"1288","trout",203.026781857451,543
"1289","bayou",203.526133909287,418
"1290","below",203.546004319654,444
"1291","obese",203.569330453564,469
"1292","belch",203.842332613391,476
"1293","risky",203.937365010799,456
"1294","thank",204.038444924406,537
"1295","light",204.123974082073,533
"1296","recur",204.213822894168,472
"1297","sewer",204.216414686825,531
"1298","ensue",204.242332613391,475
"1299","taunt",204.349460043197,518
"1300","oxide",204.373650107991,404
"1301","bugle",204.761555075594,501
"1302","radii",204.874730021598,441
"1303","growl",205.033693304536,499
"1304","swept",205.376673866091,481
"1305","tipsy",205.406911447084,568
"1306","polka",205.499352051836,470
"1307","ivory",205.503671706264,480
"1308","detox",205.537365010799,455
"1309","helix",205.640172786177,443
"1310","being",205.657451403888,494
"1311","creep",205.939956803456,536
"1312","plank",206.013390928726,544
"1313","legal",206.035853131749,435
"1314","patch",206.173218142549,553
"1315","grass",206.182721382289,496
"1316","issue",206.214686825054,394
"1317","sword",206.4686825054,533
"1318","crown",206.644924406048,550
"1319","major",206.715766738661,480
"1320","snaky",206.790928725702,534
"1321","bulge",207.07343412527,501
"1322","brisk",207.316198704104,513
"1323","jaunt",207.456155507559,511
"1324","rarer",207.843196544276,488
"1325","flume",208.148164146868,506
"1326","serve",208.29848812095,546
"1327","color",208.339956803456,505
"1328","chord",208.340820734341,566
"1329","stool",208.484233261339,529
"1330","essay",208.720086393089,417
"1331","piece",208.773650107991,543
"1332","valid",208.815982721382,516
"1333","smirk",208.930021598272,503
"1334","begin",209.01555075594,494
"1335","crazy",209.202159827214,509
"1336","ghost",209.256587473002,587
"1337","imbue",209.393088552916,430
"1338","sauna",209.433693304536,539
"1339","churn",209.566738660907,532
"1340","frond",209.920950323974,557
"1341","snack",209.941684665227,554
"1342","scowl",210.121382289417,539
"1343","alarm",210.132613390929,502
"1344","salad",210.319222462203,561
"1345","humor",210.346004319654,541
"1346","press",210.397840172786,486
"1347","fleet",210.498920086393,520
"1348","worth",211.122678185745,551
"1349","mango",211.144276457883,504
"1350","lanky",211.188336933045,544
"1351","aroma",211.280777537797,488
"1352","epoch",211.304103671706,481
"1353","swami",211.380129589633,468
"1354","gusto",211.385313174946,548
"1355","verse",211.501943844492,546
"1356","notch",211.537365010799,572
"1357","tutor",211.542548596112,543
"1358","pixel",211.591792656587,497
"1359","testy",211.704967602592,437
"1360","handy",211.74211663067,528
"1361","exult",211.74211663067,441
"1362","gamut",211.798272138229,546
"1363","widen",211.831101511879,511
"1364","eying",211.985745140389,486
"1365","rough",212.060043196544,545
"1366","shell",212.299352051836,468
"1367","armor",212.436717062635,488
"1368","tryst",212.975809935205,535
"1369","shank",212.983585313175,555
"1370","droll",213.138228941685,541
"1371","boxer",213.200431965443,492
"1372","caulk",213.237580993521,567
"1373","carry",213.324838012959,516
"1374","aping",213.766306695464,496
"1375","nudge",213.768034557235,526
"1376","cling",213.782721382289,589
"1377","quake",214.017710583153,397
"1378","waxen",214.025485961123,473
"1379","axion",214.103239740821,451
"1380","slick",214.140388768898,580
"1381","scrum",214.14211663067,513
"1382","stilt",214.205183585313,571
"1383","brush",214.352051835853,549
"1384","fiend",214.453995680346,491
"1385","friar",214.4686825054,486
"1386","cheer",214.479913606911,540
"1387","zesty",214.670842332613,432
"1388","slung",214.794384449244,581
"1389","bench",214.82807775378,494
"1390","steep",214.873002159827,540
"1391","trump",214.881641468683,553
"1392","chirp",214.900647948164,560
"1393","odder",215.264362850972,481
"1394","lofty",215.298056155508,537
"1395","tally",215.496760259179,539
"1396","eerie",215.583153347732,540
"1397","swath",215.583153347732,562
"1398","bigot",215.599568034557,562
"1399","input",215.616846652268,570
"1400","local",215.749028077754,503
"1401","tacky",215.829373650108,535
"1402","shunt",215.970194384449,615
"1403","prior",216.070410367171,555
"1404","group",216.099784017279,572
"1405","brass",216.29848812095,515
"1406","still",216.313174946004,571
"1407","porch",216.488552915767,574
"1408","cross",216.544708423326,542
"1409","purer",216.581857451404,516
"1410","lorry",216.612095032397,490
"1411","sever",216.631965442765,546
"1412","quasi",216.848812095032,409
"1413","joker",216.870410367171,466
"1414","crimp",216.924838012959,570
"1415","vowel",216.933477321814,481
"1416","scrub",216.968034557235,517
"1417","adage",217.068250539957,505
"1418","cacti",217.084665226782,506
"1419","class",217.133909287257,561
"1420","genie",217.180561555076,573
"1421","midge",217.200431965443,523
"1422","agape",217.394816414687,495
"1423","scuba",217.422462203024,502
"1424","truck",217.520086393089,553
"1425","drill",217.829373650108,520
"1426","stink",217.845788336933,583
"1427","twang",217.863066954644,549
"1428","valve",217.942548596112,502
"1429","throw",218.115334773218,551
"1430","welch",218.158531317495,495
"1431","admin",218.199136069114,499
"1432","spawn",218.337365010799,553
"1433","agora",218.418574514039,474
"1434","month",218.55939524838,592
"1435","pouty",218.595680345572,577
"1436","gravy",218.707991360691,540
"1437","human",218.728725701944,525
"1438","sorry",218.796112311015,546
"1439","cycle",218.9343412527,479
"1440","ahead",218.95939524838,448
"1441","avoid",218.969762419006,452
"1442","topaz",219.005183585313,493
"1443","dozen",219.030237580994,488
"1444","trust",219.095896328294,570
"1445","gourd",219.428509719222,586
"1446","grind",219.467386609071,571
"1447","among",219.484665226782,504
"1448","aphid",219.507127429806,476
"1449","syrup",219.514902807775,530
"1450","clamp",219.558099352052,595
"1451","elude",219.739524838013,553
"1452","lucid",219.769762419006,571
"1453","query",219.827645788337,427
"1454","canal",219.983153347732,584
"1455","venom",220.0686825054,454
"1456","loyal",220.135205183585,498
"1457","minty",220.187904967603,573
"1458","spiny",220.448812095032,607
"1459","joint",220.504103671706,592
"1460","shall",220.509287257019,572
"1461","batch",220.636285097192,578
"1462","sight",220.768466522678,616
"1463","enema",221.050107991361,431
"1464","magic",221.078617710583,532
"1465","drool",221.196976241901,541
"1466","youth",221.389632829374,582
"1467","feign",221.592656587473,514
"1468","quota",221.958963282937,458
"1469","match",222.016846652268,587
"1470","sleek",222.216414686825,559
"1471","vogue",222.668250539957,463
"1472","pence",222.752051835853,581
"1473","arbor",222.75464362851,501
"1474","borax",222.772786177106,488
"1475","hydro",222.774514038877,534
"1476","touch",222.898920086393,609
"1477","bible",222.938660907127,518
"1478","macho",222.954211663067,531
"1479","knife",223.052699784017,513
"1480","sally",223.107127429806,574
"1481","canon",223.1313174946,531
"1482","fetch",223.266954643629,492
"1483","silky",223.323974082073,573
"1484","fixer",223.372354211663,488
"1485","burly",223.47343412527,494
"1486","spank",223.596976241901,573
"1487","etude",223.653995680346,535
"1488","gecko",223.800863930886,446
"1489","segue",223.882937365011,568
"1490","tenth",223.978833693305,503
"1491","woken",224.153347732181,466
"1492","shrug",224.39524838013,537
"1493","renew",224.399568034557,546
"1494","revel",224.400431965443,524
"1495","slash",224.738228941685,572
"1496","quest",225.005183585313,482
"1497","ruder",225.070842332613,530
"1498","drink",225.169330453564,569
"1499","tasty",225.244492440605,550
"1500","clown",225.336933045356,591
"1501","iliac",225.453563714903,535
"1502","elbow",225.699784017279,455
"1503","hence",226.005615550756,576
"1504","suing",226.081641468683,621
"1505","bring",226.106695464363,570
"1506","thrum",226.137796976242,544
"1507","birch",226.164578833693,567
"1508","chasm",226.403887688985,583
"1509","stock",226.504967602592,585
"1510","libel",226.52656587473,518
"1511","ghoul",226.676025917927,593
"1512","squat",226.864362850972,541
"1513","foamy",226.875593952484,542
"1514","wooer",226.882505399568,514
"1515","unfed",226.94211663067,510
"1516","drown",226.957667386609,577
"1517","heave",227.027645788337,531
"1518","lilac",227.053563714903,535
"1519","sweet",227.298056155508,570
"1520","aglow",227.31101511879,496
"1521","scamp",227.410367170626,582
"1522","thong",227.429373650108,610
"1523","rower",227.547732181425,514
"1524","truss",227.779265658747,570
"1525","sieve",227.94686825054,565
"1526","smith",228.029805615551,628
"1527","woman",228.066090712743,523
"1528","lever",228.113606911447,524
"1529","child",228.324406047516,617
"1530","dryer",228.386609071274,526
"1531","alloy",228.555075593952,498
"1532","spicy",228.563714902808,617
"1533","fluke",228.582721382289,532
"1534","fancy",228.654427645788,571
"1535","reedy",228.857451403888,526
"1536","nobly",228.891144708423,586
"1537","tying",229.006911447084,593
"1538","pivot",229.088120950324,573
"1539","smell",229.159827213823,507
"1540","attic",229.292872570194,506
"1541","nerve",229.438876889849,564
"1542","blond",229.438876889849,615
"1543","vigor",229.696328293737,562
"1544","wagon",229.9313174946,541
"1545","newer",230.081641468683,546
"1546","harry",230.123974082073,521
"1547","frisk",230.150755939525,561
"1548","fella",230.203455723542,463
"1549","minus",230.296760259179,602
"1550","hefty",230.389200863931,461
"1551","rumba",231.255723542117,489
"1552","umbra",231.329157667387,489
"1553","grill",231.386177105832,542
"1554","spell",231.609935205184,522
"1555","grimy",231.988336933045,585
"1556","bonus",232.158531317495,602
"1557","seize",232.415118790497,571
"1558","toxin",232.471274298056,596
"1559","stomp",232.479913606911,599
"1560","blank",232.502375809935,600
"1561","madly",232.556803455724,610
"1562","shrub",232.879049676026,549
"1563","dross",232.91879049676,575
"1564","troop",232.993952483801,588
"1565","motif",233.057019438445,583
"1566","filth",233.831965442765,591
"1567","slunk",233.933045356371,610
"1568","pique",234.521382289417,483
"1569","unwed",234.756371490281,524
"1570","weigh",234.792656587473,522
"1571","envoy",234.863498920086,521
"1572","annul",235.045788336933,536
"1573","seedy",235.402591792657,544
"1574","stick",235.578833693305,619
"1575","endow",235.781857451404,476
"1576","leech",236.013390928726,550
"1577","brink",236.049676025918,579
"1578","deuce",236.520518358531,604
"1579","given",237.008639308855,557
"1580","theme",237.200431965443,588
"1581","stung",237.304103671706,611
"1582","vomit",237.697192224622,596
"1583","empty",238.199136069114,486
"1584","thing",238.209503239741,628
"1585","arrow",238.277753779698,514
"1586","tough",238.372786177106,628
"1587","morph",238.494600431965,595
"1588","kneel",238.513606911447,555
"1589","study",238.565442764579,609
"1590","river",238.677753779698,529
"1591","taboo",238.683801295896,543
"1592","wench",238.776241900648,527
"1593","lunch",238.867818574514,604
"1594","await",238.882505399568,566
"1595","rabbi",238.910151187905,461
"1596","rocky",238.973218142549,576
"1597","merge",238.978401727862,607
"1598","strut",239.213390928726,570
"1599","wreck",239.312742980562,541
"1600","abbey",239.336069114471,442
"1601","dusty",239.526133909287,609
"1602","rover",239.637580993521,532
"1603","usual",239.920950323974,531
"1604","whelp",240.025485961123,517
"1605","wrack",240.083369330454,581
"1606","koala",240.098920086393,576
"1607","upper",240.343412526998,516
"1608","hound",240.358963282937,643
"1609","creek",240.460043196544,595
"1610","flask",240.606047516199,602
"1611","quilt",240.612958963283,612
"1612","ditch",240.619870410367,630
"1613","limbo",240.642332613391,569
"1614","watch",240.791792656587,605
"1615","mocha",240.922246220302,531
"1616","seven",241.04060475162,599
"1617","udder",241.053563714903,530
"1618","night",241.76717062635,628
"1619","lying",241.958099352052,617
"1620","junta",242.01252699784,511
"1621","woven",242.294168466523,512
"1622","gooey",242.373650107991,484
"1623","shaky",242.396112311015,590
"1624","parry",242.517926565875,574
"1625","doubt",242.554211663067,638
"1626","merry",242.689848812095,503
"1627","gouge",242.690712742981,485
"1628","greed",243.079481641469,616
"1629","badly",243.104535637149,629
"1630","flank",243.317926565875,605
"1631","havoc",243.357667386609,562
"1632","small",243.596112311015,620
"1633","offer",243.762850971922,494
"1634","never",244.092008639309,564
"1635","toxic",244.095464362851,591
"1636","rigor",244.199136069114,591
"1637","lynch",244.372786177106,588
"1638","honor",244.415118790497,596
"1639","crowd",244.489416846652,633
"1640","catty",244.828941684665,581
"1641","clink",244.975809935205,645
"1642","brown",245.211663066955,605
"1643","wrong",245.346436285097,620
"1644","mouth",245.369762419006,640
"1645","prick",245.984017278618,611
"1646","motor",246.532613390929,599
"1647","glass",246.542980561555,606
"1648","basis",246.554211663067,535
"1649","snowy",246.813390928726,634
"1650","pesky",246.993088552916,511
"1651","pasta",247.050107991361,616
"1652","revue",247.257451403888,586
"1653","music",247.309287257019,609
"1654","stint",247.356803455724,654
"1655","begun",247.682505399568,554
"1656","drunk",247.755939524838,607
"1657","plush",247.890712742981,653
"1658","mecca",247.899352051836,471
"1659","blind",247.912311015119,661
"1660","grown",247.952915766739,620
"1661","pound",247.97969762419,666
"1662","phony",248.301079913607,649
"1663","doing",248.401295896328,664
"1664","bless",248.575809935205,530
"1665","chalk",248.830669546436,638
"1666","wring",248.962850971922,612
"1667","itchy",249.034557235421,598
"1668","unfit",249.104535637149,632
"1669","krill",249.107127429806,557
"1670","speed",249.273866090713,615
"1671","gross",249.699784017279,596
"1672","shift",249.857019438445,674
"1673","amply",249.896760259179,617
"1674","using",250.110151187905,621
"1675","opium",251.946004319654,569
"1676","amiss",252.02807775378,537
"1677","annoy",252.827213822894,512
"1678","privy",252.912742980562,614
"1679","sooty",252.943844492441,644
"1680","gaudy",253.286825053996,596
"1681","pithy",253.323974082073,633
"1682","dwarf",253.395680345572,589
"1683","wharf",253.428509719222,568
"1684","tenet",253.550323974082,623
"1685","where",253.78444924406,623
"1686","guild",253.990064794816,663
"1687","butte",254.035853131749,575
"1688","album",254.074730021598,602
"1689","larva",254.076457883369,559
"1690","breed",254.099784017279,636
"1691","fence",254.135205183585,623
"1692","index",254.443628509719,547
"1693","speck",254.517062634989,544
"1694","pitch",254.520518358531,660
"1695","clung",254.530021598272,654
"1696","evade",254.775377969762,585
"1697","afoot",254.899784017279,547
"1698","ought",255.039740820734,628
"1699","berry",255.476025917927,532
"1700","axiom",255.599568034557,483
"1701","blush",255.843196544276,654
"1702","marry",255.904535637149,591
"1703","slosh",255.991792656587,632
"1704","gaffe",256.110151187905,531
"1705","joust",256.179265658747,656
"1706","eking",256.329589632829,507
"1707","donor",256.539524838013,630
"1708","beget",256.553347732181,635
"1709","vapid",256.917926565875,575
"1710","dogma",256.962850971922,545
"1711","augur",257.247948164147,542
"1712","razor",257.298920086393,555
"1713","gusty",257.365442764579,640
"1714","stunk",257.885529157667,644
"1715","brick",257.952051835853,624
"1716","think",258.158531317495,664
"1717","would",258.288120950324,651
"1718","sheep",258.375377969762,629
"1719","basal",258.620734341253,636
"1720","build",259.077753779698,668
"1721","silly",259.126997840173,634
"1722","frown",259.381857451404,629
"1723","godly",259.444060475162,652
"1724","frill",259.484665226782,592
"1725","exile",259.667818574514,590
"1726","ledge",259.827645788337,636
"1727","robot",260.041036717063,629
"1728","swell",260.289848812095,557
"1729","forum",260.739956803456,631
"1730","fatal",260.976673866091,628
"1731","sense",261.021598272138,636
"1732","mangy",261.45788336933,631
"1733","smack",261.493304535637,642
"1734","stash",261.510583153348,627
"1735","focus",261.793088552916,631
"1736","again",261.939956803456,614
"1737","drama",261.97192224622,624
"1738","freed",262.181857451404,639
"1739","waltz",262.212958963283,609
"1740","adapt",262.428941684665,633
"1741","stout",262.564578833693,663
"1742","crump",262.682073434125,648
"1743","coach",262.739956803456,600
"1744","exert",262.831533477322,564
"1745","mania",262.978401727862,601
"1746","abbot",263.236717062635,543
"1747","annex",263.37494600432,516
"1748","petty",263.395680345572,516
"1749","colon",263.570194384449,654
"1750","cumin",263.590064794816,683
"1751","botch",263.717062634989,671
"1752","shack",264.149028077754,643
"1753","edify",264.153347732181,542
"1754","budge",264.168034557235,605
"1755","teddy",264.452267818575,510
"1756","floor",264.747732181426,598
"1757","idiot",264.807343412527,639
"1758","mogul",265.166738660907,667
"1759","musty",265.202159827214,658
"1760","ennui",265.275593952484,528
"1761","aloof",265.31879049676,567
"1762","wordy",265.586609071274,644
"1763","enjoy",265.661771058315,564
"1764","quark",266.582721382289,570
"1765","balmy",266.587904967603,664
"1766","banal",266.78747300216,661
"1767","undue",266.898920086393,583
"1768","shown",267.066522678186,683
"1769","vinyl",267.28596112311,657
"1770","dowry",267.416414686825,644
"1771","moldy",267.495896328294,657
"1772","sixty",267.496760259179,655
"1773","flail",267.870842332613,613
"1774","stood",268.036717062635,652
"1775","tibia",268.047948164147,561
"1776","awake",268.072138228942,561
"1777","ferry",268.644924406047,540
"1778","slump",269.135637149028,685
"1779","defer",269.260043196544,639
"1780","ficus",269.315334773218,647
"1781","dingo",269.635853131749,664
"1782","climb",269.664362850972,685
"1783","mound",269.774082073434,704
"1784","fudge",269.814686825054,610
"1785","bleep",269.884665226782,647
"1786","squad",270.123974082073,581
"1787","bleed",270.409935205184,653
"1788","fleck",270.64838012959,563
"1789","needy",270.663066954644,576
"1790","quash",270.716630669546,598
"1791","dodge",270.765874730022,590
"1792","sloop",271.253995680346,674
"1793","jerky",271.98747300216,518
"1794","rowdy",272.015982721382,644
"1795","banjo",272.208639308855,573
"1796","alibi",272.809071274298,593
"1797","fritz",272.858315334773,635
"1798","gipsy",273.164146868251,683
"1799","event",273.234125269978,584
"1800","pinch",273.341252699784,704
"1801","spool",273.652267818575,674
"1802","dimly",273.863066954644,676
"1803","truth",274.117062634989,663
"1804","flush",274.376241900648,683
"1805","canny",274.440172786177,648
"1806","ditto",275.619438444924,639
"1807","avail",275.758531317495,630
"1808","weave",275.821598272138,626
"1809","black",276.047948164147,690
"1810","awful",276.052267818574,591
"1811","union",276.190496760259,635
"1812","error",276.211231101512,554
"1813","wheel",276.308855291577,626
"1814","moron",277.328293736501,642
"1815","sulky",277.490712742981,684
"1816","blown",277.662634989201,679
"1817","venue",277.876889848812,653
"1818","elegy",278.34686825054,562
"1819","patty",278.403023758099,636
"1820","modem",278.426349892009,576
"1821","swift",278.506695464363,704
"1822","swamp",278.741684665227,661
"1823","bingo",279.133045356371,666
"1824","might",279.4656587473,696
"1825","fluid",279.656587473002,692
"1826","young",279.834557235421,705
"1827","gloss",280.589632829374,658
"1828","pouch",280.796112311015,715
"1829","curvy",280.815982721382,628
"1830","wrung",281.438876889849,670
"1831","limit",281.549460043197,667
"1832","conic",281.560691144708,682
"1833","queer",281.66090712743,616
"1834","druid",282.212095032397,651
"1835","frock",282.658747300216,685
"1836","junto",282.674298056156,660
"1837","occur",283.385313174946,641
"1838","champ",283.722246220302,683
"1839","ozone",283.787904967603,575
"1840","spill",283.793088552916,708
"1841","allow",284.278617710583,583
"1842","blink",284.342548596112,707
"1843","bound",284.365010799136,728
"1844","shoot",284.579265658747,730
"1845","crumb",285.075161987041,683
"1846","dutch",285.335205183585,709
"1847","ember",285.641036717063,629
"1848","tweed",286.144708423326,647
"1849","proxy",286.343412526998,678
"1850","swing",286.447948164147,710
"1851","debug",286.55939524838,605
"1852","sooth",286.594816414687,730
"1853","every",287.332613390929,571
"1854","qualm",287.469978401728,666
"1855","found",287.664362850972,726
"1856","ionic",287.747300215983,682
"1857","boost",288.296760259179,716
"1858","equip",288.736501079914,552
"1859","guess",288.752915766739,568
"1860","crack",288.936069114471,652
"1861","staff",288.961987041037,646
"1862","flack",289.016414686825,697
"1863","stunt",289.648812095032,714
"1864","dryly",290.3313174946,607
"1865","penny",290.644924406047,561
"1866","pupal",290.913606911447,625
"1867","catch",291.441468682505,683
"1868","blitz",291.713606911447,688
"1869","cough",292.517926565875,734
"1870","witch",292.988768898488,709
"1871","vixen",293.145140388769,618
"1872","verge",293.342980561555,694
"1873","imply",293.819870410367,681
"1874","amaze",294.174082073434,601
"1875","hatch",294.289848812095,683
"1876","gassy",294.38747300216,665
"1877","flaky",294.419438444924,705
"1878","flown",294.429805615551,702
"1879","award",294.4686825054,664
"1880","stuck",294.674298056155,717
"1881","showy",295.224622030238,720
"1882","fling",295.387041036717,728
"1883","parka",295.81555075594,664
"1884","wound",296.076457883369,739
"1885","stoop",296.27343412527,704
"1886","plunk",296.591360691145,710
"1887","bylaw",296.619006479482,677
"1888","thick",296.668250539957,723
"1889","nylon",296.782289416847,666
"1890","chess",297.502807775378,583
"1891","dally",297.684233261339,705
"1892","smock",297.913174946004,727
"1893","rumor",298.155075593952,701
"1894","avian",298.485097192225,659
"1895","gulch",298.528293736501,725
"1896","dough",298.543844492441,736
"1897","unify",298.614686825054,714
"1898","epoxy",299.169330453564,594
"1899","bliss",299.687688984881,703
"1900","stump",300.092872570194,730
"1901","enemy",300.132613390929,549
"1902","leggy",300.195680345572,562
"1903","alpha",300.262203023758,677
"1904","fishy",300.276889848812,693
"1905","blimp",300.301079913607,732
"1906","offal",301.067386609071,567
"1907","batty",302.177537796976,672
"1908","coyly",302.199136069114,697
"1909","width",302.219006479482,723
"1910","cabal",303.606479481641,741
"1911","aging",303.810367170626,614
"1912","block",303.822462203024,729
"1913","array",304.006479481641,681
"1914","belly",304.396976241901,576
"1915","sappy",304.440172786177,688
"1916","kiosk",304.720086393089,673
"1917","shock",304.803023758099,745
"1918","smoky",304.851403887689,732
"1919","owing",305.565010799136,708
"1920","sixth",305.723974082073,748
"1921","curry",305.915766738661,693
"1922","spiky",306.481641468682,737
"1923","naval",306.608639308855,694
"1924","droop",306.682073434125,730
"1925","sweep",307.4,696
"1926","snoop",307.494168466523,740
"1927","fauna",307.60475161987,676
"1928","snuck",307.697192224622,746
"1929","milky",307.806911447084,715
"1930","delve",307.834557235421,720
"1931","clump",307.850971922246,745
"1932","spoon",308.002159827214,740
"1933","tabby",308.085097192225,672
"1934","mulch",308.153347732181,739
"1935","igloo",308.577537796976,653
"1936","folio",308.609503239741,697
"1937","kebab",308.87818574514,548
"1938","axial",309.203023758099,662
"1939","hedge",309.428509719222,721
"1940","pubic",309.920950323974,722
"1941","kneed",310.145572354212,686
"1942","whiny",310.287257019438,748
"1943","tepee",313.097624190065,729
"1944","villa",313.294600431965,630
"1945","fewer",313.715334773218,699
"1946","wight",313.912311015119,742
"1947","vodka",314.00475161987,614
"1948","swill",314.092008639309,740
"1949","dandy",314.173218142549,695
"1950","punch",314.943844492441,768
"1951","quirk",315.047516198704,675
"1952","karma",315.382721382289,686
"1953","icily",315.425917926566,718
"1954","fight",315.75939524838,750
"1955","furor",316.364146868251,734
"1956","skill",316.384881209503,746
"1957","ninth",316.439308855292,747
"1958","floss",316.700215982721,710
"1959","holly",316.960259179266,718
"1960","humid",317.077753779698,754
"1961","rotor",317.302375809935,720
"1962","flock",317.744708423326,739
"1963","wispy",318.156803455724,731
"1964","blurb",318.750323974082,648
"1965","murky",318.839308855292,688
"1966","salsa",319.049244060475,727
"1967","sully",320.065226781857,749
"1968","glyph",320.071274298056,752
"1969","chill",320.380561555076,773
"1970","smash",320.476457883369,713
"1971","comma",320.580993520518,625
"1972","fatty",320.998272138229,692
"1973","roomy",321.069114470842,713
"1974","finch",321.662634989201,777
"1975","gayly",321.787904967603,725
"1976","rugby",321.802591792657,698
"1977","filmy",321.863930885529,744
"1978","pagan",321.951187904968,744
"1979","queen",322.618142548596,693
"1980","downy",323.045788336933,769
"1981","apply",323.769762419006,708
"1982","quoth",324.005615550756,751
"1983","slush",324.255291576674,759
"1984","excel",324.313174946004,672
"1985","melee",324.498056155508,745
"1986","radar",325.495032397408,728
"1987","beech",325.582289416847,709
"1988","taffy",325.956371490281,692
"1989","rajah",326.106695464363,681
"1990","judge",327.793952483801,681
"1991","winch",327.867386609071,786
"1992","butch",328.381425485961,778
"1993","hilly",329.436285097192,736
"1994","geese",329.819006479482,756
"1995","abyss",330.106695464363,683
"1996","caddy",330.550755939525,729
"1997","theft",330.941252699784,639
"1998","evoke",331.243628509719,653
"1999","dying",331.935637149028,798
"2000","lucky",332.072138228942,750
"2001","twist",332.212095032397,784
"2002","crook",332.297624190065,763
"2003","toddy",332.485097192225,750
"2004","outdo",332.742548596112,726
"2005","dingy",332.815118790497,798
"2006","pupil",333.126997840173,751
"2007","spunk",333.387904967603,795
"2008","pushy",333.610799136069,784
"2009","going",333.707559395248,771
"2010","pinky",334.097192224622,785
"2011","knoll",334.755507559395,768
"2012","fever",334.806479481641,727
"2013","wryly",334.911015118791,659
"2014","hurry",335.355939524838,717
"2015","usurp",335.421598272138,693
"2016","chili",335.544276457883,773
"2017","dolly",335.619438444924,766
"2018","awash",335.749028077754,750
"2019","flung",335.919222462203,779
"2020","mushy",336.168034557235,776
"2021","dwell",336.370194384449,682
"2022","scoop",336.416846652268,774
"2023","uncut",337.363714902808,752
"2024","crick",337.450107991361,736
"2025","swung",337.6686825054,795
"2026","bushy",337.828509719222,769
"2027","bough",337.923542116631,796
"2028","lumpy",338.400431965443,771
"2029","bevel",338.499784017279,757
"2030","munch",338.548164146868,802
"2031","wacky",338.948164146868,740
"2032","comic",339.213390928726,744
"2033","skimp",339.304967602592,789
"2034","thump",339.37494600432,799
"2035","ditty",340.448812095032,773
"2036","penne",340.726133909287,769
"2037","loopy",340.903239740821,776
"2038","flick",340.987041036717,792
"2039","bawdy",341.005183585313,744
"2040","crock",341.169330453564,763
"2041","eject",341.290280777538,640
"2042","spasm",341.760259179266,754
"2043","bunch",341.960691144708,807
"2044","nutty",342.155939524838,756
"2045","vouch",342.182721382289,802
"2046","groom",342.722678185745,776
"2047","worry",342.775377969762,758
"2048","sunny",343.526133909287,799
"2049","teeth",344.095464362851,718
"2050","shyly",344.369330453564,751
"2051","lymph",344.807343412527,762
"2052","proof",345.822462203024,781
"2053","brood",345.876889848812,790
"2054","juicy",346.098920086393,776
"2055","flunk",346.402159827214,779
"2056","pluck",346.688984881209,804
"2057","clack",348.034989200864,781
"2058","photo",348.664794816415,794
"2059","savvy",348.834989200864,734
"2060","comfy",349.012958963283,805
"2061","golly",349.374082073434,781
"2062","fanny",349.40777537797,747
"2063","cheek",349.577969762419,754
"2064","soggy",349.833693304536,782
"2065","mafia",349.85788336933,708
"2066","windy",351.905399568035,818
"2067","condo",352.927429805616,816
"2068","freer",353.182289416847,761
"2069","booty",353.455291576674,787
"2070","cacao",353.692872570194,711
"2071","khaki",354.073866090713,660
"2072","pixie",354.198272138229,712
"2073","quell",354.650971922246,661
"2074","mambo",355.262634989201,684
"2075","duchy",356.017710583153,815
"2076","swash",356.82807775378,750
"2077","polyp",356.847948164147,776
"2078","cynic",357.146004319654,790
"2079","belle",357.152915766739,787
"2080","dilly",357.303239740821,801
"2081","rigid",357.329157667387,758
"2082","dusky",357.863930885529,801
"2083","hitch",358.619870410367,801
"2084","stiff",358.871274298056,792
"2085","hippo",359.273866090713,730
"2086","geeky",359.470842332613,701
"2087","sushi",359.514902807775,769
"2088","inbox",359.522678185745,743
"2089","jetty",360.048812095032,605
"2090","picky",360.135205183585,810
"2091","booze",360.187904967603,698
"2092","refer",360.203455723542,761
"2093","outgo",360.303671706264,766
"2094","visit",360.641468682505,809
"2095","thumb",361.246220302376,824
"2096","broom",361.262634989201,803
"2097","swoon",361.710151187905,817
"2098","squib",361.787041036717,787
"2099","missy",362.30626349892,799
"2100","bezel",362.990496760259,776
"2101","bossy",363.463066954644,803
"2102","plumb",363.59524838013,825
"2103","bitty",363.990928725702,800
"2104","mossy",364.373650107991,814
"2105","whisk",364.380561555076,818
"2106","fjord",364.542980561555,782
"2107","manga",365.307559395248,791
"2108","expel",366.200863930886,738
"2109","hunky",366.687257019438,820
"2110","cabby",366.714902807775,774
"2111","oddly",367.715334773218,766
"2112","husky",368.145572354212,822
"2113","fungi",368.705399568035,821
"2114","happy",369.182289416847,756
"2115","weedy",370.625917926566,740
"2116","conch",370.89373650108,840
"2117","jelly",371.060475161987,646
"2118","nymph",371.259179265659,799
"2119","timid",371.455291576674,819
"2120","gawky",371.809503239741,786
"2121","tight",372.193088552916,835
"2122","booth",372.459179265659,838
"2123","idyll",372.685529157667,801
"2124","sniff",373.076025917927,819
"2125","juror",373.277321814255,801
"2126","digit",374.016846652268,838
"2127","tatty",375.176241900648,771
"2128","paddy",375.525269978402,784
"2129","whack",376.195680345572,796
"2130","lipid",376.255291576674,829
"2131","howdy",376.633693304536,836
"2132","fugue",378.637149028078,732
"2133","knack",378.709719222462,796
"2134","beefy",379.210799136069,726
"2135","idiom",379.800863930885,799
"2136","thigh",380.062634989201,835
"2137","scoff",380.295032397408,800
"2138","clock",380.649244060475,823
"2139","kitty",381.305831533477,816
"2140","tweet",381.342980561555,784
"2141","unzip",382.247516198704,817
"2142","wooly",382.340820734341,831
"2143","quack",382.421166306695,782
"2144","vying",382.794384449244,851
"2145","billy",382.952483801296,831
"2146","blood",383.062203023758,853
"2147","lupus",383.61252699784,812
"2148","shuck",383.836285097192,876
"2149","myrrh",383.899352051836,787
"2150","gloom",384.299352051836,849
"2151","embed",384.320950323974,790
"2152","ruddy",384.452267818575,776
"2153","jewel",384.479049676026,792
"2154","forgo",384.533477321814,816
"2155","brook",385.222030237581,830
"2156","chunk",387.570194384449,878
"2157","cinch",388.109287257019,865
"2158","lobby",388.380561555076,818
"2159","witty",388.498920086393,825
"2160","verve",388.834125269978,812
"2161","wedge",389.258315334773,846
"2162","folly",389.574514038877,835
"2163","skull",390.198272138229,867
"2164","lowly",390.711447084233,831
"2165","cocoa",391.540820734341,711
"2166","ninja",392.430669546436,686
"2167","emcee",393.044924406048,835
"2168","musky",393.943412526998,856
"2169","flood",394.066954643628,862
"2170","bulky",395.608207343413,858
"2171","couch",395.907127429806,870
"2172","click",396.677753779698,860
"2173","sassy",398.763282937365,797
"2174","cliff",400.173218142549,864
"2175","furry",400.613822894168,833
"2176","assay",401.753347732181,797
"2177","undid",402.060043196544,855
"2178","allay",402.858315334773,846
"2179","willy",403.869114470842,850
"2180","spoof",406.667386609071,875
"2181","civil",407.025917926566,874
"2182","wimpy",407.437149028078,875
"2183","shook",408.460043196544,893
"2184","skulk",409.135637149028,867
"2185","bloom",410.059179265659,884
"2186","plaza",410.193952483801,855
"2187","putty",410.880777537797,881
"2188","gumbo",411.062203023758,869
"2189","fifty",413.596976241901,845
"2190","macaw",413.926997840173,871
"2191","chump",414.898920086393,915
"2192","papal",415.739524838013,867
"2193","guava",416.678617710583,828
"2194","filly",416.922246220302,877
"2195","dully",418.806479481641,896
"2196","icing",419.642764578834,893
"2197","bosom",420.131749460043,878
"2198","level",421.1313174946,860
"2199","chaff",421.982289416847,847
"2200","pooch",422.678617710583,931
"2201","pudgy",422.815982721382,925
"2202","hussy",425.573650107991,906
"2203","maxim",426.017710583153,775
"2204","spook",426.091144708423,909
"2205","swish",426.55161987041,905
"2206","onion",427.356803455724,868
"2207","nanny",428.142980561555,836
"2208","cubic",428.536933045356,885
"2209","quill",429.895896328294,892
"2210","ovoid",429.99524838013,879
"2211","widow",430.267386609071,863
"2212","amass",431.924406047516,875
"2213","swoop",433.196976241901,920
"2214","dumpy",433.761987041037,936
"2215","snuff",434.504103671706,895
"2216","baggy",434.968898488121,862
"2217","check",435.869978401728,754
"2218","hutch",437.010367170626,920
"2219","stuff",437.618574514039,903
"2220","fifth",437.717926565875,901
"2221","funky",438.902375809935,927
"2222","pulpy",439.409503239741,905
"2223","llama",443.20475161987,908
"2224","gully",444.591360691145,928
"2225","aback",449.941684665227,925
"2226","hunch",450.935205183585,945
"2227","skunk",451.29373650108,938
"2228","hippy",453.686825053996,915
"2229","knock",453.891576673866,935
"2230","pizza",453.920086393089,747
"2231","mucky",456.044492440605,949
"2232","jolly",458.166306695464,909
"2233","livid",458.233693304536,928
"2234","quick",460.211231101512,938
"2235","goody",462.480777537797,970
"2236","bully",464.937796976242,955
"2237","gruff",466.055723542117,919
"2238","kinky",467.275593952484,943
"2239","tooth",467.681641468682,973
"2240","mucus",468.231101511879,926
"2241","plump",468.242332613391,953
"2242","moody",468.422030237581,978
"2243","bongo",472.214686825054,978
"2244","slyly",472.586177105832,944
"2245","hobby",474.032397408207,944
"2246","cluck",474.857451403888,961
"2247","dodgy",479.674730021598,970
"2248","sissy",480.578401727862,939
"2249","fussy",484.887688984881,979
"2250","vigil",486.31403887689,972
"2251","fully",489.331749460043,981
"2252","bunny",490.790928725702,998
"2253","piggy",494.226781857451,981
"2254","gypsy",497.7343412527,982
"2255","buxom",500.24838012959,981
"2256","motto",502.634557235421,986
"2257","femme",503.641036717063,957
"2258","humus",503.642764578834,987
"2259","skiff",507.070842332613,987
"2260","affix",509.031965442765,810
"2261","giddy",510.73909287257,1007
"2262","funny",513.038876889849,1022
"2263","goofy",514.111879049676,1026
"2264","biddy",515.069114470842,1009
"2265","queue",515.5313174946,942
"2266","woody",516.324406047516,1031
"2267","which",520.879049676026,1023
"2268","daddy",522.01252699784,948
"2269","chock",526.053995680346,1031
"2270","jumbo",527.616846652268,994
"2271","whoop",531.190928725702,1045
"2272","chick",533.364578833693,1042
"2273","madam",534.372786177106,1011
"2274","dowdy",535.939956803456,1031
"2275","foggy",536.018574514039,1026
"2276","ninny",544.6656587473,1035
"2277","known",558.87818574514,1063
"2278","twixt",560.145572354212,1062
"2279","mammy",566.909287257019,998
"2280","kayak",572.77192224622,1038
"2281","bluff",576.517062634989,1080
"2282","guppy",591.966738660907,1108
"2283","gamma",592.467818574514,1055
"2284","magma",593.880345572354,1055
"2285","muddy",594.612095032397,1117
"2286","dummy",595.010367170626,1117
"2287","jumpy",599.371490280777,1113
"2288","humph",599.944276457883,1121
"2289","minim",604.90928725702,1121
"2290","buddy",611.666954643629,1134
"2291","kappa",616.04535637149,1075
"2292","shush",628.056587473002,1149
"2293","poppy",628.320950323974,1118
"2294","whiff",631.993520518359,1137
"2295","puffy",633.361123110151,1151
"2296","gummy",634.986177105832,1157
"2297","boozy",636.590496760259,1152
"2298","dizzy",641.854427645788,1133
"2299","buggy",643.307559395248,1164
"2300","chuck",647.499352051836,1182
"2301","mimic",648.075593952484,1147
"2302","booby",654.309719222462,1168
"2303","pygmy",677.034557235421,1194
"2304","woozy",682.130021598272,1197
"2305","bobby",683.016414686825,1168
"2306","jazzy",701.817278617711,1111
"2307","fluff",723.414686825054,1214
"2308","fizzy",728.030669546436,1208
"2309","jiffy",734.6656587473,1214
"2310","civic",734.91879049676,1249
"2311","puppy",777.805183585313,1287
"2312","mamma",787.627213822894,1232
"2313","vivid",816.458315334773,1328
"2314","mummy",820.537796976242,1325
"2315","fuzzy",855.680777537797,1352
